"","date","block","barnacles","limpets","plot","location","percent_cover","timediff"
"1",2006-06-15,"A","yes","in","1","BP",0,0
"2",2006-06-15,"B","yes","in","2","BP",0,0
"3",2006-06-15,"C","yes","in","3","BP",0,0
"4",2006-06-15,"D","yes","in","4","BP",0,0
"5",2006-06-15,"E","yes","in","5","BP",0,0
"6",2006-06-15,"F","yes","in","6","BP",0,0
"7",2006-06-15,"A","yes","out","7","BP",0,0
"8",2006-06-15,"B","yes","out","8","BP",0,0
"9",2006-06-15,"C","yes","out","9","BP",0,0
"10",2006-06-15,"D","yes","out","10","BP",0,0
"11",2006-06-15,"E","yes","out","11","BP",0,0
"12",2006-06-15,"F","yes","out","12","BP",0,0
"13",2006-06-15,"A","yes","con","13","BP",0,0
"14",2006-06-15,"B","yes","con","14","BP",0,0
"15",2006-06-15,"C","yes","con","15","BP",0,0
"16",2006-06-15,"D","yes","con","16","BP",0,0
"17",2006-06-15,"E","yes","con","17","BP",0,0
"18",2006-06-15,"F","yes","con","18","BP",0,0
"19",2006-06-15,"A","no","in","19","BP",0,0
"20",2006-06-15,"B","no","in","20","BP",0,0
"21",2006-06-15,"C","no","in","21","BP",0,0
"22",2006-06-15,"D","no","in","22","BP",0,0
"23",2006-06-15,"E","no","in","23","BP",0,0
"24",2006-06-15,"F","no","in","24","BP",0,0
"25",2006-06-15,"A","no","out","25","BP",0,0
"26",2006-06-15,"B","no","out","26","BP",0,0
"27",2006-06-15,"C","no","out","27","BP",0,0
"28",2006-06-15,"D","no","out","28","BP",0,0
"29",2006-06-15,"E","no","out","29","BP",0,0
"30",2006-06-15,"F","no","out","30","BP",0,0
"31",2006-06-15,"A","no","con","31","BP",0,0
"32",2006-06-15,"B","no","con","32","BP",0,0
"33",2006-06-15,"C","no","con","33","BP",0,0
"34",2006-06-15,"D","no","con","34","BP",0,0
"35",2006-06-15,"E","no","con","35","BP",0,0
"36",2006-06-15,"F","no","con","36","BP",0,0
"37",2006-07-11,"A","yes","in","1","BP",0,3.71428571428571
"38",2006-07-11,"B","yes","in","2","BP",0,3.71428571428571
"39",2006-07-11,"C","yes","in","3","BP",0,3.71428571428571
"40",2006-07-11,"D","yes","in","4","BP",0,3.71428571428571
"41",2006-07-11,"E","yes","in","5","BP",0,3.71428571428571
"42",2006-07-11,"F","yes","in","6","BP",0,3.71428571428571
"43",2006-07-11,"A","yes","out","7","BP",0,3.71428571428571
"44",2006-07-11,"B","yes","out","8","BP",0,3.71428571428571
"45",2006-07-11,"C","yes","out","9","BP",0,3.71428571428571
"46",2006-07-11,"D","yes","out","10","BP",0,3.71428571428571
"47",2006-07-11,"E","yes","out","11","BP",0,3.71428571428571
"48",2006-07-11,"F","yes","out","12","BP",0,3.71428571428571
"49",2006-07-11,"A","yes","con","13","BP",0,3.71428571428571
"50",2006-07-11,"B","yes","con","14","BP",0,3.71428571428571
"51",2006-07-11,"C","yes","con","15","BP",0,3.71428571428571
"52",2006-07-11,"D","yes","con","16","BP",0,3.71428571428571
"53",2006-07-11,"E","yes","con","17","BP",0,3.71428571428571
"54",2006-07-11,"F","yes","con","18","BP",0,3.71428571428571
"55",2006-07-11,"A","no","in","19","BP",0,3.71428571428571
"56",2006-07-11,"B","no","in","20","BP",0,3.71428571428571
"57",2006-07-11,"C","no","in","21","BP",0,3.71428571428571
"58",2006-07-11,"D","no","in","22","BP",0,3.71428571428571
"59",2006-07-11,"E","no","in","23","BP",0,3.71428571428571
"60",2006-07-11,"F","no","in","24","BP",0,3.71428571428571
"61",2006-07-11,"A","no","out","25","BP",0,3.71428571428571
"62",2006-07-11,"B","no","out","26","BP",0,3.71428571428571
"63",2006-07-11,"C","no","out","27","BP",0,3.71428571428571
"64",2006-07-11,"D","no","out","28","BP",0,3.71428571428571
"65",2006-07-11,"E","no","out","29","BP",0,3.71428571428571
"66",2006-07-11,"F","no","out","30","BP",0,3.71428571428571
"67",2006-07-11,"A","no","con","31","BP",0,3.71428571428571
"68",2006-07-11,"B","no","con","32","BP",0,3.71428571428571
"69",2006-07-11,"C","no","con","33","BP",0,3.71428571428571
"70",2006-07-11,"D","no","con","34","BP",0,3.71428571428571
"71",2006-07-11,"E","no","con","35","BP",0,3.71428571428571
"72",2006-07-11,"F","no","con","36","BP",0,3.71428571428571
"73",2006-08-11,"A","yes","in","1","BP",0,8.14285714285714
"74",2006-08-11,"B","yes","in","2","BP",0,8.14285714285714
"75",2006-08-11,"C","yes","in","3","BP",5,8.14285714285714
"76",2006-08-11,"D","yes","in","4","BP",0,8.14285714285714
"77",2006-08-11,"E","yes","in","5","BP",1,8.14285714285714
"78",2006-08-11,"F","yes","in","6","BP",0,8.14285714285714
"79",2006-08-11,"A","yes","out","7","BP",0,8.14285714285714
"80",2006-08-11,"B","yes","out","8","BP",10,8.14285714285714
"81",2006-08-11,"C","yes","out","9","BP",2,8.14285714285714
"82",2006-08-11,"D","yes","out","10","BP",0,8.14285714285714
"83",2006-08-11,"E","yes","out","11","BP",1,8.14285714285714
"84",2006-08-11,"F","yes","out","12","BP",1,8.14285714285714
"85",2006-08-11,"A","yes","con","13","BP",0,8.14285714285714
"86",2006-08-11,"B","yes","con","14","BP",0,8.14285714285714
"87",2006-08-11,"C","yes","con","15","BP",1,8.14285714285714
"88",2006-08-11,"D","yes","con","16","BP",0,8.14285714285714
"89",2006-08-11,"E","yes","con","17","BP",1,8.14285714285714
"90",2006-08-11,"F","yes","con","18","BP",0,8.14285714285714
"91",2006-08-11,"A","no","in","19","BP",0,8.14285714285714
"92",2006-08-11,"B","no","in","20","BP",0,8.14285714285714
"93",2006-08-11,"C","no","in","21","BP",0,8.14285714285714
"94",2006-08-11,"D","no","in","22","BP",0,8.14285714285714
"95",2006-08-11,"E","no","in","23","BP",0,8.14285714285714
"96",2006-08-11,"F","no","in","24","BP",0,8.14285714285714
"97",2006-08-11,"A","no","out","25","BP",0,8.14285714285714
"98",2006-08-11,"B","no","out","26","BP",0,8.14285714285714
"99",2006-08-11,"C","no","out","27","BP",0,8.14285714285714
"100",2006-08-11,"D","no","out","28","BP",0,8.14285714285714
"101",2006-08-11,"E","no","out","29","BP",0,8.14285714285714
"102",2006-08-11,"F","no","out","30","BP",0,8.14285714285714
"103",2006-08-11,"A","no","con","31","BP",0,8.14285714285714
"104",2006-08-11,"B","no","con","32","BP",0,8.14285714285714
"105",2006-08-11,"C","no","con","33","BP",0,8.14285714285714
"106",2006-08-11,"D","no","con","34","BP",0,8.14285714285714
"107",2006-08-11,"E","no","con","35","BP",0,8.14285714285714
"108",2006-08-11,"F","no","con","36","BP",0,8.14285714285714
"109",2006-09-08,"A","yes","in","1","BP",0.5,12.1428571428571
"110",2006-09-08,"B","yes","in","2","BP",1,12.1428571428571
"111",2006-09-08,"C","yes","in","3","BP",7,12.1428571428571
"112",2006-09-08,"D","yes","in","4","BP",1,12.1428571428571
"113",2006-09-08,"E","yes","in","5","BP",3,12.1428571428571
"114",2006-09-08,"F","yes","in","6","BP",0.5,12.1428571428571
"115",2006-09-08,"A","yes","out","7","BP",0.5,12.1428571428571
"116",2006-09-08,"B","yes","out","8","BP",12,12.1428571428571
"117",2006-09-08,"C","yes","out","9","BP",2.5,12.1428571428571
"118",2006-09-08,"D","yes","out","10","BP",1,12.1428571428571
"119",2006-09-08,"E","yes","out","11","BP",1,12.1428571428571
"120",2006-09-08,"F","yes","out","12","BP",3,12.1428571428571
"121",2006-09-08,"A","yes","con","13","BP",0.5,12.1428571428571
"122",2006-09-08,"B","yes","con","14","BP",5,12.1428571428571
"123",2006-09-08,"C","yes","con","15","BP",1.5,12.1428571428571
"124",2006-09-08,"D","yes","con","16","BP",0,12.1428571428571
"125",2006-09-08,"E","yes","con","17","BP",4.5,12.1428571428571
"126",2006-09-08,"F","yes","con","18","BP",0,12.1428571428571
"127",2006-09-08,"A","no","in","19","BP",0,12.1428571428571
"128",2006-09-08,"B","no","in","20","BP",0,12.1428571428571
"129",2006-09-08,"C","no","in","21","BP",0.5,12.1428571428571
"130",2006-09-08,"D","no","in","22","BP",0,12.1428571428571
"131",2006-09-08,"E","no","in","23","BP",0,12.1428571428571
"132",2006-09-08,"F","no","in","24","BP",0,12.1428571428571
"133",2006-09-08,"A","no","out","25","BP",0,12.1428571428571
"134",2006-09-08,"B","no","out","26","BP",0,12.1428571428571
"135",2006-09-08,"C","no","out","27","BP",0.5,12.1428571428571
"136",2006-09-08,"D","no","out","28","BP",0,12.1428571428571
"137",2006-09-08,"E","no","out","29","BP",0,12.1428571428571
"138",2006-09-08,"F","no","out","30","BP",0,12.1428571428571
"139",2006-09-08,"A","no","con","31","BP",0,12.1428571428571
"140",2006-09-08,"B","no","con","32","BP",0.5,12.1428571428571
"141",2006-09-08,"C","no","con","33","BP",0.5,12.1428571428571
"142",2006-09-08,"D","no","con","34","BP",0,12.1428571428571
"143",2006-09-08,"E","no","con","35","BP",0,12.1428571428571
"144",2006-09-08,"F","no","con","36","BP",0,12.1428571428571
"145",2006-10-06,"A","yes","in","1","BP",0.5,16.1428571428571
"146",2006-10-06,"B","yes","in","2","BP",3.277777778,16.1428571428571
"147",2006-10-06,"C","yes","in","3","BP",1.5,16.1428571428571
"148",2006-10-06,"D","yes","in","4","BP",0.5,16.1428571428571
"149",2006-10-06,"E","yes","in","5","BP",2.777777778,16.1428571428571
"150",2006-10-06,"F","yes","in","6","BP",0.5,16.1428571428571
"151",2006-10-06,"A","yes","out","7","BP",0,16.1428571428571
"152",2006-10-06,"B","yes","out","8","BP",22.22222222,16.1428571428571
"153",2006-10-06,"C","yes","out","9","BP",1.5,16.1428571428571
"154",2006-10-06,"D","yes","out","10","BP",1,16.1428571428571
"155",2006-10-06,"E","yes","out","11","BP",2.777777778,16.1428571428571
"156",2006-10-06,"F","yes","out","12","BP",9.333333333,16.1428571428571
"157",2006-10-06,"A","yes","con","13","BP",0.5,16.1428571428571
"158",2006-10-06,"B","yes","con","14","BP",8.833333333,16.1428571428571
"159",2006-10-06,"C","yes","con","15","BP",1.5,16.1428571428571
"160",2006-10-06,"D","yes","con","16","BP",0,16.1428571428571
"161",2006-10-06,"E","yes","con","17","BP",11.61111111,16.1428571428571
"162",2006-10-06,"F","yes","con","18","BP",5.555555556,16.1428571428571
"163",2006-10-06,"A","no","in","19","BP",0,16.1428571428571
"164",2006-10-06,"B","no","in","20","BP",0,16.1428571428571
"165",2006-10-06,"C","no","in","21","BP",2.777777778,16.1428571428571
"166",2006-10-06,"D","no","in","22","BP",0,16.1428571428571
"167",2006-10-06,"E","no","in","23","BP",0,16.1428571428571
"168",2006-10-06,"F","no","in","24","BP",0,16.1428571428571
"169",2006-10-06,"A","no","out","25","BP",0,16.1428571428571
"170",2006-10-06,"B","no","out","26","BP",0,16.1428571428571
"171",2006-10-06,"C","no","out","27","BP",0,16.1428571428571
"172",2006-10-06,"D","no","out","28","BP",0,16.1428571428571
"173",2006-10-06,"E","no","out","29","BP",0,16.1428571428571
"174",2006-10-06,"F","no","out","30","BP",0,16.1428571428571
"175",2006-10-06,"A","no","con","31","BP",1.388888889,16.1428571428571
"176",2006-10-06,"B","no","con","32","BP",0.5,16.1428571428571
"177",2006-10-06,"C","no","con","33","BP",1,16.1428571428571
"178",2006-10-06,"D","no","con","34","BP",0,16.1428571428571
"179",2006-10-06,"E","no","con","35","BP",2.777777778,16.1428571428571
"180",2006-10-06,"F","no","con","36","BP",0.5,16.1428571428571
"181",2006-12-02,"A","yes","in","1","BP",0.5,24.2916666666667
"182",2006-12-02,"B","yes","in","2","BP",6.730769231,24.2916666666667
"183",2006-12-02,"C","yes","in","3","BP",10.11538462,24.2916666666667
"184",2006-12-02,"D","yes","in","4","BP",6.269230769,24.2916666666667
"185",2006-12-02,"E","yes","in","5","BP",9.615384615,24.2916666666667
"186",2006-12-02,"F","yes","in","6","BP",6.269230769,24.2916666666667
"187",2006-12-02,"A","yes","out","7","BP",0.961538462,24.2916666666667
"188",2006-12-02,"B","yes","out","8","BP",44.23076923,24.2916666666667
"189",2006-12-02,"C","yes","out","9","BP",3.423076923,24.2916666666667
"190",2006-12-02,"D","yes","out","10","BP",2.923076923,24.2916666666667
"191",2006-12-02,"E","yes","out","11","BP",9.615384615,24.2916666666667
"192",2006-12-02,"F","yes","out","12","BP",25,24.2916666666667
"193",2006-12-02,"A","yes","con","13","BP",0.5,24.2916666666667
"194",2006-12-02,"B","yes","con","14","BP",10.11538462,24.2916666666667
"195",2006-12-02,"C","yes","con","15","BP",4.846153846,24.2916666666667
"196",2006-12-02,"D","yes","con","16","BP",0.5,24.2916666666667
"197",2006-12-02,"E","yes","con","17","BP",15.88461538,24.2916666666667
"198",2006-12-02,"F","yes","con","18","BP",1.923076923,24.2916666666667
"199",2006-12-02,"A","no","in","19","BP",0,24.2916666666667
"200",2006-12-02,"B","no","in","20","BP",0,24.2916666666667
"201",2006-12-02,"C","no","in","21","BP",0.5,24.2916666666667
"202",2006-12-02,"D","no","in","22","BP",0,24.2916666666667
"203",2006-12-02,"E","no","in","23","BP",0,24.2916666666667
"204",2006-12-02,"F","no","in","24","BP",0,24.2916666666667
"205",2006-12-02,"A","no","out","25","BP",0,24.2916666666667
"206",2006-12-02,"B","no","out","26","BP",0,24.2916666666667
"207",2006-12-02,"C","no","out","27","BP",0.961538462,24.2916666666667
"208",2006-12-02,"D","no","out","28","BP",0,24.2916666666667
"209",2006-12-02,"E","no","out","29","BP",0,24.2916666666667
"210",2006-12-02,"F","no","out","30","BP",0,24.2916666666667
"211",2006-12-02,"A","no","con","31","BP",0,24.2916666666667
"212",2006-12-02,"B","no","con","32","BP",3.846153846,24.2916666666667
"213",2006-12-02,"C","no","con","33","BP",0.5,24.2916666666667
"214",2006-12-02,"D","no","con","34","BP",0,24.2916666666667
"215",2006-12-02,"E","no","con","35","BP",0,24.2916666666667
"216",2006-12-02,"F","no","con","36","BP",0,24.2916666666667
"217",2007-01-30,"A","yes","in","1","BP",0.5,32.7202380952381
"218",2007-01-30,"B","yes","in","2","BP",2.423076923,32.7202380952381
"219",2007-01-30,"C","yes","in","3","BP",19.23076923,32.7202380952381
"220",2007-01-30,"D","yes","in","4","BP",7.692307692,32.7202380952381
"221",2007-01-30,"E","yes","in","5","BP",15.88461538,32.7202380952381
"222",2007-01-30,"F","yes","in","6","BP",5.769230769,32.7202380952381
"223",2007-01-30,"A","yes","out","7","BP",0.5,32.7202380952381
"224",2007-01-30,"B","yes","out","8","BP",32.69230769,32.7202380952381
"225",2007-01-30,"C","yes","out","9","BP",3.846153846,32.7202380952381
"226",2007-01-30,"D","yes","out","10","BP",0.5,32.7202380952381
"227",2007-01-30,"E","yes","out","11","BP",15.38461538,32.7202380952381
"228",2007-01-30,"F","yes","out","12","BP",17.80769231,32.7202380952381
"229",2007-01-30,"A","yes","con","13","BP",0.961538462,32.7202380952381
"230",2007-01-30,"B","yes","con","14","BP",10.11538462,32.7202380952381
"231",2007-01-30,"C","yes","con","15","BP",4.846153846,32.7202380952381
"232",2007-01-30,"D","yes","con","16","BP",0.5,32.7202380952381
"233",2007-01-30,"E","yes","con","17","BP",15.38461538,32.7202380952381
"234",2007-01-30,"F","yes","con","18","BP",0.5,32.7202380952381
"235",2007-01-30,"A","no","in","19","BP",0,32.7202380952381
"236",2007-01-30,"B","no","in","20","BP",0.961538462,32.7202380952381
"237",2007-01-30,"C","no","in","21","BP",0.5,32.7202380952381
"238",2007-01-30,"D","no","in","22","BP",0,32.7202380952381
"239",2007-01-30,"E","no","in","23","BP",0,32.7202380952381
"240",2007-01-30,"F","no","in","24","BP",1.923076923,32.7202380952381
"241",2007-01-30,"A","no","out","25","BP",0,32.7202380952381
"242",2007-01-30,"B","no","out","26","BP",0,32.7202380952381
"243",2007-01-30,"C","no","out","27","BP",1.923076923,32.7202380952381
"244",2007-01-30,"D","no","out","28","BP",0,32.7202380952381
"245",2007-01-30,"E","no","out","29","BP",0,32.7202380952381
"246",2007-01-30,"F","no","out","30","BP",0.5,32.7202380952381
"247",2007-01-30,"A","no","con","31","BP",0,32.7202380952381
"248",2007-01-30,"B","no","con","32","BP",2.884615385,32.7202380952381
"249",2007-01-30,"C","no","con","33","BP",0.961538462,32.7202380952381
"250",2007-01-30,"D","no","con","34","BP",0,32.7202380952381
"251",2007-01-30,"E","no","con","35","BP",2.423076923,32.7202380952381
"252",2007-01-30,"F","no","con","36","BP",0,32.7202380952381
"253",2007-04-06,"A","yes","in","1","BP",0,42.1428571428571
"254",2007-04-06,"B","yes","in","2","BP",9.722222222,42.1428571428571
"255",2007-04-06,"C","yes","in","3","BP",72.22222222,42.1428571428571
"256",2007-04-06,"D","yes","in","4","BP",47.22222222,42.1428571428571
"257",2007-04-06,"E","yes","in","5","BP",58.33333333,42.1428571428571
"258",2007-04-06,"F","yes","in","6","BP",1,42.1428571428571
"259",2007-04-06,"A","yes","out","7","BP",0,42.1428571428571
"260",2007-04-06,"B","yes","out","8","BP",58.83333333,42.1428571428571
"261",2007-04-06,"C","yes","out","9","BP",15.27777778,42.1428571428571
"262",2007-04-06,"D","yes","out","10","BP",0.5,42.1428571428571
"263",2007-04-06,"E","yes","out","11","BP",75,42.1428571428571
"264",2007-04-06,"F","yes","out","12","BP",44.94444444,42.1428571428571
"265",2007-04-06,"A","yes","con","13","BP",2.777777778,42.1428571428571
"266",2007-04-06,"B","yes","con","14","BP",30.55555556,42.1428571428571
"267",2007-04-06,"C","yes","con","15","BP",19.44444444,42.1428571428571
"268",2007-04-06,"D","yes","con","16","BP",8.333333333,42.1428571428571
"269",2007-04-06,"E","yes","con","17","BP",55.55555556,42.1428571428571
"270",2007-04-06,"F","yes","con","18","BP",5.555555556,42.1428571428571
"271",2007-04-06,"A","no","in","19","BP",0.5,42.1428571428571
"272",2007-04-06,"B","no","in","20","BP",2.777777778,42.1428571428571
"273",2007-04-06,"C","no","in","21","BP",1.888888889,42.1428571428571
"274",2007-04-06,"D","no","in","22","BP",0,42.1428571428571
"275",2007-04-06,"E","no","in","23","BP",0,42.1428571428571
"276",2007-04-06,"F","no","in","24","BP",2.777777778,42.1428571428571
"277",2007-04-06,"A","no","out","25","BP",0,42.1428571428571
"278",2007-04-06,"B","no","out","26","BP",2.777777778,42.1428571428571
"279",2007-04-06,"C","no","out","27","BP",4.666666667,42.1428571428571
"280",2007-04-06,"D","no","out","28","BP",0,42.1428571428571
"281",2007-04-06,"E","no","out","29","BP",0,42.1428571428571
"282",2007-04-06,"F","no","out","30","BP",0.5,42.1428571428571
"283",2007-04-06,"A","no","con","31","BP",2.777777778,42.1428571428571
"284",2007-04-06,"B","no","con","32","BP",11.11111111,42.1428571428571
"285",2007-04-06,"C","no","con","33","BP",2.777777778,42.1428571428571
"286",2007-04-06,"D","no","con","34","BP",0,42.1428571428571
"287",2007-04-06,"E","no","con","35","BP",3.277777778,42.1428571428571
"288",2007-04-06,"F","no","con","36","BP",0,42.1428571428571
"289",2007-06-05,"A","yes","in","1","BP",0.5,50.7142857142857
"290",2007-06-05,"B","yes","in","2","BP",5.769230769,50.7142857142857
"291",2007-06-05,"C","yes","in","3","BP",90.38461538,50.7142857142857
"292",2007-06-05,"D","yes","in","4","BP",44.23076923,50.7142857142857
"293",2007-06-05,"E","yes","in","5","BP",28.84615385,50.7142857142857
"294",2007-06-05,"F","yes","in","6","BP",2.423076923,50.7142857142857
"295",2007-06-05,"A","yes","out","7","BP",0.5,50.7142857142857
"296",2007-06-05,"B","yes","out","8","BP",61.53846154,50.7142857142857
"297",2007-06-05,"C","yes","out","9","BP",19.23076923,50.7142857142857
"298",2007-06-05,"D","yes","out","10","BP",1.923076923,50.7142857142857
"299",2007-06-05,"E","yes","out","11","BP",65.38461538,50.7142857142857
"300",2007-06-05,"F","yes","out","12","BP",5.769230769,50.7142857142857
"301",2007-06-05,"A","yes","con","13","BP",5.769230769,50.7142857142857
"302",2007-06-05,"B","yes","con","14","BP",15.38461538,50.7142857142857
"303",2007-06-05,"C","yes","con","15","BP",10.11538462,50.7142857142857
"304",2007-06-05,"D","yes","con","16","BP",3.846153846,50.7142857142857
"305",2007-06-05,"E","yes","con","17","BP",34.61538462,50.7142857142857
"306",2007-06-05,"F","yes","con","18","BP",1.923076923,50.7142857142857
"307",2007-06-05,"A","no","in","19","BP",0,50.7142857142857
"308",2007-06-05,"B","no","in","20","BP",1.923076923,50.7142857142857
"309",2007-06-05,"C","no","in","21","BP",3.846153846,50.7142857142857
"310",2007-06-05,"D","no","in","22","BP",0,50.7142857142857
"311",2007-06-05,"E","no","in","23","BP",0,50.7142857142857
"312",2007-06-05,"F","no","in","24","BP",0,50.7142857142857
"313",2007-06-05,"A","no","out","25","BP",0,50.7142857142857
"314",2007-06-05,"B","no","out","26","BP",0,50.7142857142857
"315",2007-06-05,"C","no","out","27","BP",7.692307692,50.7142857142857
"316",2007-06-05,"D","no","out","28","BP",0,50.7142857142857
"317",2007-06-05,"E","no","out","29","BP",0,50.7142857142857
"318",2007-06-05,"F","no","out","30","BP",0.5,50.7142857142857
"319",2007-06-05,"A","no","con","31","BP",2.423076923,50.7142857142857
"320",2007-06-05,"B","no","con","32","BP",1.923076923,50.7142857142857
"321",2007-06-05,"C","no","con","33","BP",1.923076923,50.7142857142857
"322",2007-06-05,"D","no","con","34","BP",0,50.7142857142857
"323",2007-06-05,"E","no","con","35","BP",0.5,50.7142857142857
"324",2007-06-05,"F","no","con","36","BP",0.5,50.7142857142857
"325",2007-07-17,"A","yes","in","1","BP",1.923076923,56.7142857142857
"326",2007-07-17,"B","yes","in","2","BP",5.769230769,56.7142857142857
"327",2007-07-17,"C","yes","in","3","BP",94.23076923,56.7142857142857
"328",2007-07-17,"D","yes","in","4","BP",48.07692308,56.7142857142857
"329",2007-07-17,"E","yes","in","5","BP",28.84615385,56.7142857142857
"330",2007-07-17,"F","yes","in","6","BP",5.769230769,56.7142857142857
"331",2007-07-17,"A","yes","out","7","BP",7.692307692,56.7142857142857
"332",2007-07-17,"B","yes","out","8","BP",67.30769231,56.7142857142857
"333",2007-07-17,"C","yes","out","9","BP",25,56.7142857142857
"334",2007-07-17,"D","yes","out","10","BP",1.923076923,56.7142857142857
"335",2007-07-17,"E","yes","out","11","BP",57.69230769,56.7142857142857
"336",2007-07-17,"F","yes","out","12","BP",0.5,56.7142857142857
"337",2007-07-17,"A","yes","con","13","BP",5.769230769,56.7142857142857
"338",2007-07-17,"B","yes","con","14","BP",17.80769231,56.7142857142857
"339",2007-07-17,"C","yes","con","15","BP",26.92307692,56.7142857142857
"340",2007-07-17,"D","yes","con","16","BP",2.884615385,56.7142857142857
"341",2007-07-17,"E","yes","con","17","BP",7.692307692,56.7142857142857
"342",2007-07-17,"F","yes","con","18","BP",23.07692308,56.7142857142857
"343",2007-07-17,"A","no","in","19","BP",0.5,56.7142857142857
"344",2007-07-17,"B","no","in","20","BP",1.923076923,56.7142857142857
"345",2007-07-17,"C","no","in","21","BP",4.346153846,56.7142857142857
"346",2007-07-17,"D","no","in","22","BP",0,56.7142857142857
"347",2007-07-17,"E","no","in","23","BP",0,56.7142857142857
"348",2007-07-17,"F","no","in","24","BP",2.884615385,56.7142857142857
"349",2007-07-17,"A","no","out","25","BP",0,56.7142857142857
"350",2007-07-17,"B","no","out","26","BP",0,56.7142857142857
"351",2007-07-17,"C","no","out","27","BP",13.46153846,56.7142857142857
"352",2007-07-17,"D","no","out","28","BP",0,56.7142857142857
"353",2007-07-17,"E","no","out","29","BP",0,56.7142857142857
"354",2007-07-17,"F","no","out","30","BP",0,56.7142857142857
"355",2007-07-17,"A","no","con","31","BP",1,56.7142857142857
"356",2007-07-17,"B","no","con","32","BP",0.5,56.7142857142857
"357",2007-07-17,"C","no","con","33","BP",1.923076923,56.7142857142857
"358",2007-07-17,"D","no","con","34","BP",0,56.7142857142857
"359",2007-07-17,"E","no","con","35","BP",0,56.7142857142857
"360",2007-07-17,"F","no","con","36","BP",1.923076923,56.7142857142857
"361",2006-04-26,"A","no","out","1","PA",100,19.2797619047619
"362",2006-04-26,"A","no","out","2","PA",100,19.2797619047619
"363",2006-04-26,"A","no","out","3","PA",50,19.2797619047619
"364",2006-04-26,"A","no","out","4","PA",100,19.2797619047619
"365",2006-04-26,"A","no","out","5","PA",100,19.2797619047619
"366",2006-04-26,"A","no","out","6","PA",100,19.2797619047619
"367",2006-05-12,"A","no","out","1","PA",100,21.5654761904762
"368",2006-05-12,"A","no","out","2","PA",98,21.5654761904762
"369",2006-05-12,"A","no","out","3","PA",70,21.5654761904762
"370",2006-05-12,"A","no","out","4","PA",100,21.5654761904762
"371",2006-05-12,"A","no","out","5","PA",100,21.5654761904762
"372",2006-05-12,"A","no","out","6","PA",100,21.5654761904762
"373",2006-06-12,"A","no","out","1","PA",100,25.9940476190476
"374",2006-06-12,"A","no","out","2","PA",100,25.9940476190476
"375",2006-06-12,"A","no","out","3","PA",100,25.9940476190476
"376",2006-06-12,"A","no","out","4","PA",100,25.9940476190476
"377",2006-06-12,"A","no","out","5","PA",100,25.9940476190476
"378",2006-06-12,"A","no","out","6","PA",100,25.9940476190476
"379",2006-08-09,"A","no","out","1","PA",100,34.2797619047619
"380",2006-08-09,"A","no","out","2","PA",100,34.2797619047619
"381",2006-08-09,"A","no","out","3","PA",100,34.2797619047619
"382",2006-08-09,"A","no","out","4","PA",100,34.2797619047619
"383",2006-08-09,"A","no","out","5","PA",100,34.2797619047619
"384",2006-08-09,"A","no","out","6","PA",100,34.2797619047619
"385",2006-09-09,"A","no","out","1","PA",100,38.7083333333333
"386",2006-09-09,"A","no","out","2","PA",100,38.7083333333333
"387",2006-09-09,"A","no","out","3","PA",100,38.7083333333333
"388",2006-09-09,"A","no","out","4","PA",100,38.7083333333333
"389",2006-09-09,"A","no","out","5","PA",100,38.7083333333333
"390",2006-09-09,"A","no","out","6","PA",100,38.7083333333333
"391",2006-10-07,"A","no","out","1","PA",100,42.7083333333333
"392",2006-10-07,"A","no","out","2","PA",98,42.7083333333333
"393",2006-10-07,"A","no","out","3","PA",99,42.7083333333333
"394",2006-10-07,"A","no","out","4","PA",100,42.7083333333333
"395",2006-10-07,"A","no","out","5","PA",100,42.7083333333333
"396",2006-10-07,"A","no","out","6","PA",98,42.7083333333333
"397",2006-11-09,"A","no","out","1","PA",97,47.4285714285714
"398",2006-11-09,"A","no","out","2","PA",100,47.4285714285714
"399",2006-11-09,"A","no","out","3","PA",100,47.4285714285714
"400",2006-11-09,"A","no","out","4","PA",96,47.4285714285714
"401",2006-11-09,"A","no","out","5","PA",100,47.4285714285714
"402",2006-11-09,"A","no","out","6","PA",97,47.4285714285714
"403",2006-12-04,"A","no","out","1","PA",88,51
"404",2006-12-04,"A","no","out","2","PA",100,51
"405",2006-12-04,"A","no","out","3","PA",90,51
"406",2006-12-04,"A","no","out","4","PA",76,51
"407",2006-12-04,"A","no","out","5","PA",95,51
"408",2006-12-04,"A","no","out","6","PA",93,51
"409",2007-01-06,"A","no","out","1","PA",50,55.7142857142857
"410",2007-01-06,"A","no","out","2","PA",100,55.7142857142857
"411",2007-01-06,"A","no","out","3","PA",50,55.7142857142857
"412",2007-01-06,"A","no","out","4","PA",100,55.7142857142857
"413",2007-01-06,"A","no","out","5","PA",50,55.7142857142857
"414",2007-01-06,"A","no","out","6","PA",50,55.7142857142857
"415",2007-02-19,"A","no","out","1","PA",100,62
"416",2007-02-19,"A","no","out","2","PA",100,62
"417",2007-02-19,"A","no","out","3","PA",0,62
"418",2007-02-19,"A","no","out","4","PA",100,62
"419",2007-02-19,"A","no","out","5","PA",30,62
"420",2007-02-19,"A","no","out","6","PA",30,62
"421",2006-04-26,"A","no","con","7","PA",30,19.2797619047619
"422",2006-04-26,"A","no","con","8","PA",25,19.2797619047619
"423",2006-04-26,"A","no","con","9","PA",60,19.2797619047619
"424",2006-04-26,"A","no","con","10","PA",40,19.2797619047619
"425",2006-04-26,"A","no","con","11","PA",10,19.2797619047619
"426",2006-04-26,"A","no","con","12","PA",25,19.2797619047619
"427",2006-05-12,"A","no","con","7","PA",30,21.5654761904762
"428",2006-05-12,"A","no","con","8","PA",30,21.5654761904762
"429",2006-05-12,"A","no","con","9","PA",70,21.5654761904762
"430",2006-05-12,"A","no","con","10","PA",30,21.5654761904762
"431",2006-05-12,"A","no","con","11","PA",10,21.5654761904762
"432",2006-05-12,"A","no","con","12","PA",25,21.5654761904762
"433",2006-06-12,"A","no","con","7","PA",50,25.9940476190476
"434",2006-06-12,"A","no","con","8","PA",40,25.9940476190476
"435",2006-06-12,"A","no","con","9","PA",70,25.9940476190476
"436",2006-06-12,"A","no","con","10","PA",35,25.9940476190476
"437",2006-06-12,"A","no","con","11","PA",25,25.9940476190476
"438",2006-06-12,"A","no","con","12","PA",40,25.9940476190476
"439",2006-08-09,"A","no","con","7","PA",60,34.2797619047619
"440",2006-08-09,"A","no","con","8","PA",40,34.2797619047619
"441",2006-08-09,"A","no","con","9","PA",90,34.2797619047619
"442",2006-08-09,"A","no","con","10","PA",30,34.2797619047619
"443",2006-08-09,"A","no","con","11","PA",55,34.2797619047619
"444",2006-08-09,"A","no","con","12","PA",50,34.2797619047619
"445",2006-09-09,"A","no","con","7","PA",60,38.7083333333333
"446",2006-09-09,"A","no","con","8","PA",40,38.7083333333333
"447",2006-09-09,"A","no","con","9","PA",90,38.7083333333333
"448",2006-09-09,"A","no","con","10","PA",30,38.7083333333333
"449",2006-09-09,"A","no","con","11","PA",55,38.7083333333333
"450",2006-09-09,"A","no","con","12","PA",50,38.7083333333333
"451",2006-10-07,"A","no","con","7","PA",45,42.7083333333333
"452",2006-10-07,"A","no","con","8","PA",40,42.7083333333333
"453",2006-10-07,"A","no","con","9","PA",80,42.7083333333333
"454",2006-10-07,"A","no","con","10","PA",10,42.7083333333333
"455",2006-10-07,"A","no","con","11","PA",50,42.7083333333333
"456",2006-10-07,"A","no","con","12","PA",50,42.7083333333333
"457",2006-11-09,"A","no","con","7","PA",50,47.4285714285714
"458",2006-11-09,"A","no","con","8","PA",40,47.4285714285714
"459",2006-11-09,"A","no","con","9","PA",75,47.4285714285714
"460",2006-11-09,"A","no","con","10","PA",10,47.4285714285714
"461",2006-11-09,"A","no","con","11","PA",50,47.4285714285714
"462",2006-11-09,"A","no","con","12","PA",45,47.4285714285714
"463",2006-12-04,"A","no","con","7","PA",40,51
"464",2006-12-04,"A","no","con","8","PA",40,51
"465",2006-12-04,"A","no","con","9","PA",60,51
"466",2006-12-04,"A","no","con","10","PA",5,51
"467",2006-12-04,"A","no","con","11","PA",50,51
"468",2006-12-04,"A","no","con","12","PA",40,51
"469",2007-01-06,"A","no","con","7","PA",40,55.7142857142857
"470",2007-01-06,"A","no","con","8","PA",40,55.7142857142857
"471",2007-01-06,"A","no","con","9","PA",60,55.7142857142857
"472",2007-01-06,"A","no","con","10","PA",10,55.7142857142857
"473",2007-01-06,"A","no","con","11","PA",35,55.7142857142857
"474",2007-01-06,"A","no","con","12","PA",30,55.7142857142857
"475",2007-02-19,"A","no","con","7","PA",50,62
"476",2007-02-19,"A","no","con","8","PA",40,62
"477",2007-02-19,"A","no","con","9","PA",60,62
"478",2007-02-19,"A","no","con","10","PA",15,62
"479",2007-02-19,"A","no","con","11","PA",40,62
"480",2007-02-19,"A","no","con","12","PA",30,62
"481",2006-04-26,"A","no","in","13","PA",20,19.2797619047619
"482",2006-04-26,"A","no","in","14","PA",5,19.2797619047619
"483",2006-04-26,"A","no","in","15","PA",10,19.2797619047619
"484",2006-04-26,"A","no","in","16","PA",10,19.2797619047619
"485",2006-04-26,"A","no","in","17","PA",15,19.2797619047619
"486",2006-04-26,"A","no","in","18","PA",5,19.2797619047619
"487",2006-05-12,"A","no","in","13","PA",20,21.5654761904762
"488",2006-05-12,"A","no","in","14","PA",20,21.5654761904762
"489",2006-05-12,"A","no","in","15","PA",40,21.5654761904762
"490",2006-05-12,"A","no","in","16","PA",20,21.5654761904762
"491",2006-05-12,"A","no","in","17","PA",30,21.5654761904762
"492",2006-05-12,"A","no","in","18","PA",5,21.5654761904762
"493",2006-06-12,"A","no","in","13","PA",40,25.9940476190476
"494",2006-06-12,"A","no","in","14","PA",30,25.9940476190476
"495",2006-06-12,"A","no","in","15","PA",40,25.9940476190476
"496",2006-06-12,"A","no","in","16","PA",50,25.9940476190476
"497",2006-06-12,"A","no","in","17","PA",60,25.9940476190476
"498",2006-06-12,"A","no","in","18","PA",5,25.9940476190476
"499",2006-08-09,"A","no","in","13","PA",70,34.2797619047619
"500",2006-08-09,"A","no","in","14","PA",60,34.2797619047619
"501",2006-08-09,"A","no","in","15","PA",75,34.2797619047619
"502",2006-08-09,"A","no","in","16","PA",50,34.2797619047619
"503",2006-08-09,"A","no","in","17","PA",100,34.2797619047619
"504",2006-08-09,"A","no","in","18","PA",80,34.2797619047619
"505",2006-09-09,"A","no","in","13","PA",75,38.7083333333333
"506",2006-09-09,"A","no","in","14","PA",60,38.7083333333333
"507",2006-09-09,"A","no","in","15","PA",75,38.7083333333333
"508",2006-09-09,"A","no","in","16","PA",70,38.7083333333333
"509",2006-09-09,"A","no","in","17","PA",80,38.7083333333333
"510",2006-09-09,"A","no","in","18","PA",80,38.7083333333333
"511",2006-10-07,"A","no","in","13","PA",50,42.7083333333333
"512",2006-10-07,"A","no","in","14","PA",80,42.7083333333333
"513",2006-10-07,"A","no","in","15","PA",50,42.7083333333333
"514",2006-10-07,"A","no","in","16","PA",90,42.7083333333333
"515",2006-10-07,"A","no","in","17","PA",50,42.7083333333333
"516",2006-10-07,"A","no","in","18","PA",75,42.7083333333333
"517",2006-11-09,"A","no","in","13","PA",50,47.4285714285714
"518",2006-11-09,"A","no","in","14","PA",50,47.4285714285714
"519",2006-11-09,"A","no","in","15","PA",45,47.4285714285714
"520",2006-11-09,"A","no","in","16","PA",85,47.4285714285714
"521",2006-11-09,"A","no","in","17","PA",40,47.4285714285714
"522",2006-11-09,"A","no","in","18","PA",50,47.4285714285714
"523",2006-12-04,"A","no","in","13","PA",50,51
"524",2006-12-04,"A","no","in","14","PA",30,51
"525",2006-12-04,"A","no","in","15","PA",40,51
"526",2006-12-04,"A","no","in","16","PA",50,51
"527",2006-12-04,"A","no","in","17","PA",0,51
"528",2006-12-04,"A","no","in","18","PA",10,51
"529",2007-01-06,"A","no","in","13","PA",50,55.7142857142857
"530",2007-01-06,"A","no","in","14","PA",30,55.7142857142857
"531",2007-01-06,"A","no","in","15","PA",40,55.7142857142857
"532",2007-01-06,"A","no","in","16","PA",40,55.7142857142857
"533",2007-01-06,"A","no","in","17","PA",0,55.7142857142857
"534",2007-01-06,"A","no","in","18","PA",5,55.7142857142857
"535",2007-02-19,"A","no","in","13","PA",50,62
"536",2007-02-19,"A","no","in","14","PA",20,62
"537",2007-02-19,"A","no","in","15","PA",30,62
"538",2007-02-19,"A","no","in","16","PA",20,62
"539",2007-02-19,"A","no","in","17","PA",0,62
"540",2007-02-19,"A","no","in","18","PA",5,62
"541",2006-04-26,"A","yes","out","19","PA",80,19.2797619047619
"542",2006-04-26,"A","yes","out","20","PA",100,19.2797619047619
"543",2006-04-26,"A","yes","out","21","PA",95,19.2797619047619
"544",2006-04-26,"A","yes","out","22","PA",100,19.2797619047619
"545",2006-05-12,"A","yes","out","19","PA",80,21.5654761904762
"546",2006-05-12,"A","yes","out","20","PA",100,21.5654761904762
"547",2006-05-12,"A","yes","out","21","PA",97,21.5654761904762
"548",2006-05-12,"A","yes","out","22","PA",100,21.5654761904762
"549",2006-06-12,"A","yes","out","19","PA",75,25.9940476190476
"550",2006-06-12,"A","yes","out","20","PA",100,25.9940476190476
"551",2006-06-12,"A","yes","out","21","PA",100,25.9940476190476
"552",2006-06-12,"A","yes","out","22","PA",100,25.9940476190476
"553",2006-08-09,"A","yes","out","19","PA",80,34.2797619047619
"554",2006-08-09,"A","yes","out","20","PA",100,34.2797619047619
"555",2006-08-09,"A","yes","out","21","PA",100,34.2797619047619
"556",2006-08-09,"A","yes","out","22","PA",100,34.2797619047619
"557",2006-09-09,"A","yes","out","19","PA",80,38.7083333333333
"558",2006-09-09,"A","yes","out","20","PA",100,38.7083333333333
"559",2006-09-09,"A","yes","out","21","PA",100,38.7083333333333
"560",2006-09-09,"A","yes","out","22","PA",100,38.7083333333333
"561",2006-10-07,"A","yes","out","19","PA",50,42.7083333333333
"562",2006-10-07,"A","yes","out","20","PA",100,42.7083333333333
"563",2006-10-07,"A","yes","out","21","PA",90,42.7083333333333
"564",2006-10-07,"A","yes","out","22","PA",100,42.7083333333333
"565",2006-11-09,"A","yes","out","19","PA",60,47.4285714285714
"566",2006-11-09,"A","yes","out","20","PA",100,47.4285714285714
"567",2006-11-09,"A","yes","out","21","PA",90,47.4285714285714
"568",2006-11-09,"A","yes","out","22","PA",100,47.4285714285714
"569",2006-12-04,"A","yes","out","19","PA",50,51
"570",2006-12-04,"A","yes","out","20","PA",100,51
"571",2006-12-04,"A","yes","out","21","PA",90,51
"572",2006-12-04,"A","yes","out","22","PA",100,51
"573",2007-01-06,"A","yes","out","19","PA",80,55.7142857142857
"574",2007-01-06,"A","yes","out","20","PA",100,55.7142857142857
"575",2007-01-06,"A","yes","out","21","PA",100,55.7142857142857
"576",2007-01-06,"A","yes","out","22","PA",100,55.7142857142857
"577",2007-02-19,"A","yes","out","19","PA",100,62
"578",2007-02-19,"A","yes","out","20","PA",100,62
"579",2007-02-19,"A","yes","out","21","PA",100,62
"580",2007-02-19,"A","yes","out","22","PA",100,62
"581",2006-04-26,"A","yes","in","23","PA",10,19.2797619047619
"582",2006-04-26,"A","yes","in","24","PA",25,19.2797619047619
"583",2006-04-26,"A","yes","in","25","PA",100,19.2797619047619
"584",2006-04-26,"A","yes","in","26","PA",10,19.2797619047619
"585",2006-04-26,"A","yes","in","27","PA",80,19.2797619047619
"586",2006-04-26,"A","yes","in","28","PA",15,19.2797619047619
"587",2006-05-12,"A","yes","in","23","PA",10,21.5654761904762
"588",2006-05-12,"A","yes","in","24","PA",25,21.5654761904762
"589",2006-05-12,"A","yes","in","25","PA",100,21.5654761904762
"590",2006-05-12,"A","yes","in","26","PA",10,21.5654761904762
"591",2006-05-12,"A","yes","in","27","PA",80,21.5654761904762
"592",2006-05-12,"A","yes","in","28","PA",30,21.5654761904762
"593",2006-06-12,"A","yes","in","23","PA",10,25.9940476190476
"594",2006-06-12,"A","yes","in","24","PA",25,25.9940476190476
"595",2006-06-12,"A","yes","in","25","PA",100,25.9940476190476
"596",2006-06-12,"A","yes","in","26","PA",5,25.9940476190476
"597",2006-06-12,"A","yes","in","27","PA",90,25.9940476190476
"598",2006-06-12,"A","yes","in","28","PA",30,25.9940476190476
"599",2006-08-09,"A","yes","in","23","PA",50,34.2797619047619
"600",2006-08-09,"A","yes","in","24","PA",30,34.2797619047619
"601",2006-08-09,"A","yes","in","25","PA",100,34.2797619047619
"602",2006-08-09,"A","yes","in","26","PA",15,34.2797619047619
"603",2006-08-09,"A","yes","in","27","PA",90,34.2797619047619
"604",2006-08-09,"A","yes","in","28","PA",50,34.2797619047619
"605",2006-09-09,"A","yes","in","23","PA",50,38.7083333333333
"606",2006-09-09,"A","yes","in","24","PA",50,38.7083333333333
"607",2006-09-09,"A","yes","in","25","PA",80,38.7083333333333
"608",2006-09-09,"A","yes","in","26","PA",10,38.7083333333333
"609",2006-09-09,"A","yes","in","27","PA",90,38.7083333333333
"610",2006-09-09,"A","yes","in","28","PA",50,38.7083333333333
"611",2006-10-07,"A","yes","in","23","PA",50,42.7083333333333
"612",2006-10-07,"A","yes","in","24","PA",50,42.7083333333333
"613",2006-10-07,"A","yes","in","25","PA",80,42.7083333333333
"614",2006-10-07,"A","yes","in","26","PA",0,42.7083333333333
"615",2006-10-07,"A","yes","in","27","PA",90,42.7083333333333
"616",2006-10-07,"A","yes","in","28","PA",40,42.7083333333333
"617",2006-11-09,"A","yes","in","23","PA",15,47.4285714285714
"618",2006-11-09,"A","yes","in","24","PA",30,47.4285714285714
"619",2006-11-09,"A","yes","in","25","PA",80,47.4285714285714
"620",2006-11-09,"A","yes","in","26","PA",10,47.4285714285714
"621",2006-11-09,"A","yes","in","27","PA",90,47.4285714285714
"622",2006-11-09,"A","yes","in","28","PA",30,47.4285714285714
"623",2006-12-04,"A","yes","in","23","PA",15,51
"624",2006-12-04,"A","yes","in","24","PA",30,51
"625",2006-12-04,"A","yes","in","25","PA",80,51
"626",2006-12-04,"A","yes","in","26","PA",10,51
"627",2006-12-04,"A","yes","in","27","PA",80,51
"628",2006-12-04,"A","yes","in","28","PA",20,51
"629",2007-01-06,"A","yes","in","23","PA",7,55.7142857142857
"630",2007-01-06,"A","yes","in","24","PA",30,55.7142857142857
"631",2007-01-06,"A","yes","in","25","PA",0,55.7142857142857
"632",2007-01-06,"A","yes","in","26","PA",10,55.7142857142857
"633",2007-01-06,"A","yes","in","27","PA",30,55.7142857142857
"634",2007-01-06,"A","yes","in","28","PA",15,55.7142857142857
"635",2007-02-19,"A","yes","in","23","PA",7,62
"636",2007-02-19,"A","yes","in","24","PA",20,62
"637",2007-02-19,"A","yes","in","25","PA",0,62
"638",2007-02-19,"A","yes","in","26","PA",0,62
"639",2007-02-19,"A","yes","in","27","PA",30,62
"640",2007-02-19,"A","yes","in","28","PA",10,62
"641",2006-04-26,"A","yes","con","29","PA",10,19.2797619047619
"642",2006-04-26,"A","yes","con","30","PA",50,19.2797619047619
"643",2006-04-26,"A","yes","con","31","PA",70,19.2797619047619
"644",2006-04-26,"A","yes","con","32","PA",100,19.2797619047619
"645",2006-04-26,"A","yes","con","33","PA",40,19.2797619047619
"646",2006-04-26,"A","yes","con","34","PA",70,19.2797619047619
"647",2006-05-12,"A","yes","con","29","PA",10,21.5654761904762
"648",2006-05-12,"A","yes","con","30","PA",50,21.5654761904762
"649",2006-05-12,"A","yes","con","31","PA",70,21.5654761904762
"650",2006-05-12,"A","yes","con","32","PA",100,21.5654761904762
"651",2006-05-12,"A","yes","con","33","PA",0,21.5654761904762
"652",2006-05-12,"A","yes","con","34","PA",80,21.5654761904762
"653",2006-06-12,"A","yes","con","29","PA",20,25.9940476190476
"654",2006-06-12,"A","yes","con","30","PA",80,25.9940476190476
"655",2006-06-12,"A","yes","con","31","PA",70,25.9940476190476
"656",2006-06-12,"A","yes","con","32","PA",100,25.9940476190476
"657",2006-06-12,"A","yes","con","33","PA",0,25.9940476190476
"658",2006-06-12,"A","yes","con","34","PA",90,25.9940476190476
"659",2006-08-09,"A","yes","con","29","PA",25,34.2797619047619
"660",2006-08-09,"A","yes","con","30","PA",100,34.2797619047619
"661",2006-08-09,"A","yes","con","31","PA",95,34.2797619047619
"662",2006-08-09,"A","yes","con","32","PA",90,34.2797619047619
"663",2006-08-09,"A","yes","con","33","PA",50,34.2797619047619
"664",2006-08-09,"A","yes","con","34","PA",100,34.2797619047619
"665",2006-09-09,"A","yes","con","29","PA",20,38.7083333333333
"666",2006-09-09,"A","yes","con","30","PA",80,38.7083333333333
"667",2006-09-09,"A","yes","con","31","PA",95,38.7083333333333
"668",2006-09-09,"A","yes","con","32","PA",85,38.7083333333333
"669",2006-09-09,"A","yes","con","33","PA",70,38.7083333333333
"670",2006-09-09,"A","yes","con","34","PA",95,38.7083333333333
"671",2006-10-07,"A","yes","con","29","PA",5,42.7083333333333
"672",2006-10-07,"A","yes","con","30","PA",80,42.7083333333333
"673",2006-10-07,"A","yes","con","31","PA",50,42.7083333333333
"674",2006-10-07,"A","yes","con","32","PA",40,42.7083333333333
"675",2006-10-07,"A","yes","con","33","PA",5,42.7083333333333
"676",2006-10-07,"A","yes","con","34","PA",80,42.7083333333333
"677",2006-11-09,"A","yes","con","29","PA",5,47.4285714285714
"678",2006-11-09,"A","yes","con","30","PA",70,47.4285714285714
"679",2006-11-09,"A","yes","con","31","PA",50,47.4285714285714
"680",2006-11-09,"A","yes","con","32","PA",30,47.4285714285714
"681",2006-11-09,"A","yes","con","33","PA",40,47.4285714285714
"682",2006-11-09,"A","yes","con","34","PA",80,47.4285714285714
"683",2006-12-04,"A","yes","con","29","PA",5,51
"684",2006-12-04,"A","yes","con","30","PA",50,51
"685",2006-12-04,"A","yes","con","31","PA",40,51
"686",2006-12-04,"A","yes","con","32","PA",10,51
"687",2006-12-04,"A","yes","con","33","PA",40,51
"688",2006-12-04,"A","yes","con","34","PA",75,51
"689",2007-01-06,"A","yes","con","29","PA",3,55.7142857142857
"690",2007-01-06,"A","yes","con","30","PA",40,55.7142857142857
"691",2007-01-06,"A","yes","con","31","PA",30,55.7142857142857
"692",2007-01-06,"A","yes","con","32","PA",5,55.7142857142857
"693",2007-01-06,"A","yes","con","33","PA",30,55.7142857142857
"694",2007-01-06,"A","yes","con","34","PA",50,55.7142857142857
"695",2007-02-19,"A","yes","con","29","PA",3,62
"696",2007-02-19,"A","yes","con","30","PA",10,62
"697",2007-02-19,"A","yes","con","31","PA",10,62
"698",2007-02-19,"A","yes","con","32","PA",5,62
"699",2007-02-19,"A","yes","con","33","PA",40,62
"700",2007-02-19,"A","yes","con","34","PA",60,62
"701",2005-12-12,"A","no","con","7","PA",50,0
"702",2005-12-12,"A","no","con","8","PA",40,0
"703",2005-12-12,"A","no","con","9","PA",80,0
"704",2005-12-12,"A","no","con","10","PA",70,0
"705",2005-12-12,"A","no","con","11","PA",80,0
"706",2005-12-12,"A","no","con","12","PA",50,0
"707",2005-12-12,"A","no","out","1","PA",50,0
"708",2005-12-12,"A","no","out","2","PA",10,0
"709",2005-12-12,"A","no","out","3","PA",50,0
"710",2005-12-12,"A","no","out","4","PA",30,0
"711",2005-12-12,"A","no","out","5","PA",60,0
"712",2005-12-12,"A","no","out","6","PA",30,0
"713",2005-12-12,"A","no","in","13","PA",75,0
"714",2005-12-12,"A","no","in","14","PA",70,0
"715",2005-12-12,"A","no","in","15","PA",85,0
"716",2005-12-12,"A","no","in","16","PA",60,0
"717",2005-12-12,"A","no","in","17","PA",75,0
"718",2005-12-12,"A","no","in","18","PA",50,0
"719",2005-12-12,"A","yes","con","29","PA",10,0
"720",2005-12-12,"A","yes","con","30","PA",40,0
"721",2005-12-12,"A","yes","con","31","PA",20,0
"722",2005-12-12,"A","yes","con","32","PA",50,0
"723",2005-12-12,"A","yes","con","33","PA",70,0
"724",2005-12-12,"A","yes","con","34","PA",60,0
"725",2005-12-12,"A","yes","out","19","PA",25,0
"726",2005-12-12,"A","yes","out","20","PA",25,0
"727",2005-12-12,"A","yes","out",NA,"PA",10,0
"728",2005-12-12,"A","yes","out","21","PA",60,0
"729",2005-12-12,"A","yes","out",NA,"PA",30,0
"730",2005-12-12,"A","yes","out","22","PA",25,0
"731",2005-12-12,"A","yes","in","23","PA",15,0
"732",2005-12-12,"A","yes","in","24","PA",30,0
"733",2005-12-12,"A","yes","in","25","PA",50,0
"734",2005-12-12,"A","yes","in","26","PA",25,0
"735",2005-12-12,"A","yes","in","27","PA",40,0
"736",2005-12-12,"A","yes","in","28","PA",30,0
